{"cameraMode":{"drawMode":0,"name":"Shaded","section":"Shading Mode"},"sceneLighting":false,"audioPlay":false,"sceneViewState":{"m_AlwaysRefresh":false,"showFog":true,"showSkybox":false,"showFlares":true,"showImageEffects":true,"showParticleSystems":true,"showVisualEffectGraphs":true,"m_FxEnabled":true},"in2DMode":false,"pivot":{"x":11.884613990783692,"y":0.04933083429932594,"z":1.2738416194915772},"rotation":{"x":-0.09199270606040955,"y":0.8388470411300659,"z":-0.5152398943901062,"w":-0.14979209005832673},"size":0.42288854718208315,"orthographic":false}