{"cameraMode":{"drawMode":0,"name":"Shaded","section":"Shading Mode"},"sceneLighting":true,"audioPlay":false,"sceneViewState":{"m_AlwaysRefresh":false,"showFog":true,"showSkybox":true,"showFlares":true,"showImageEffects":true,"showParticleSystems":true,"showVisualEffectGraphs":true,"m_FxEnabled":true},"in2DMode":false,"pivot":{"x":2.330014228820801,"y":-9.271936416625977,"z":-6.1091132164001469},"rotation":{"x":0.014195810072124005,"y":-0.9401640892028809,"z":0.3381982445716858,"w":0.039493538439273837},"size":7.916510105133057,"orthographic":false}