{"cameraMode":{"drawMode":0,"name":"Shaded","section":"Shading Mode"},"sceneLighting":true,"audioPlay":false,"sceneViewState":{"m_AlwaysRefresh":false,"showFog":true,"showSkybox":true,"showFlares":true,"showImageEffects":true,"showParticleSystems":true,"showVisualEffectGraphs":true,"m_FxEnabled":true},"in2DMode":false,"pivot":{"x":8.674964904785157,"y":2.389958381652832,"z":1.9285200834274293},"rotation":{"x":0.09025769680738449,"y":-0.5938119292259216,"z":0.06727879494428635,"w":0.7967140078544617},"size":0.1291496902704239,"orthographic":false}