{"cameraMode":{"drawMode":0,"name":"Shaded","section":"Shading Mode"},"sceneLighting":true,"audioPlay":false,"sceneViewState":{"m_AlwaysRefresh":false,"showFog":true,"showSkybox":true,"showFlares":true,"showImageEffects":true,"showParticleSystems":true,"showVisualEffectGraphs":true,"m_FxEnabled":true},"in2DMode":false,"pivot":{"x":6.281083106994629,"y":-9.871821403503418,"z":13.848221778869629},"rotation":{"x":0.3873984217643738,"y":-0.005823606159538031,"z":0.002448893152177334,"w":0.9219076633453369},"size":9.575496673583985,"orthographic":false}